id;nome;nome_da_mae;nome_do_pai;sexo;data_de_nascimento;onibus
"0";"ANTONIA VIEIRA ALMEIDA";"ANTONIO C A";"MARGARIDA";"F";"28/11/1957";"347, 392, 340, 718, 046"
"1";"JESSICA SOUZA VALDECI";"FRANCISCO PORTO VALDECI";"RANMUMDA FOUZA IRIS";"F";"17/07/1968";"939, 333, 929, 374, 557, 339, 245"
"2";"NAJLA CLEIDE NASCIMENTO";"FRANCISCO FILHO NASCIMENTO";"IRACEMA CLEIDE SOUSA";"F";"29/06/1994";"119"
"3";"THDLIA MEDVIROS SILKA";"MOISES CAETANO SILVA";"GLAUCIMEIRE";"F";"05/06/1966";"961, 965, 464, 875, 106, 984, 612"
"4";"FRANCISCO AQUINO DIAS";"ANTONIO U D";"JOSEFA AQUINO SOUZA";"M";"01/10/1961";"497"
"5";"MARIA";"FRANCISCO VIEIRA SILVA";"RITA LIMA SOMBRA";"F";"04/01/1995";"957, 898"
"6";"MARIA SANTOS SERGIO";"ELIAS ARRIBAMAR SERGIO";"OTILIASSNTPS ALVES";"F";"01/11/2022";"874, 389, 491, 931, 070"
"7";"JOAO A M";"JOSE";"MARTA ANGELA LIMA";"M";"02/06/2022";"429, 960, 614, 968"
"8";"WILLAME SA SILVA";"HILTON FERNANDES SILVA";"MARIA SA SANTOS";"M";"01/03/1972";"789, 231, 415, 738, 570"
"9";"MARIA NASCIMENTO VIEIRA";"JOSE PINHEIRO VIEIRA";"ADALGISA";"F";"02/08/2012";"562, 710, 953, 459, 018, 084, 684, 969, 575"
"10";"WEIDELL";"LUXS COSCA FARIAS";"MARIA LIMA JULIA";"M";"07/08/1950";"832, 996, 217, 768"
"11";"CLEIDE";"LUIZ A M";"MARIA M S";"F";"01/03/2022";"883, 337, 495, 740"
"12";"RAIMUNDA ALMEIDA FAUSTINO";"CICERO SILVA FAUSTINO";"ROSQRIX ALMEIDA NONATA";"F";"01/05/1968";"588, 977, 836, 097, 183"
"13";"ELIZA ANDRE CHARLES";"ANTONIO NASCIMENTO CHARLES";"HELYANA ANDRE SILVA";"F";"09/11/2018";"317, 171, 704, 850, 869, 323"
"14";"CAIO SOUSA SOUZA";"JOSNIAS N S";"MADIP SIUSA SOEZA";"M";"07/08/1970";"096, 205, 118, 408"
"15";"LYA AMORIM SANTOS";"RAIMUNDO SALES SANTOS";"ANTONIA AMORIM SANTOS";"F";"04/05/1979";"478, 574, 526, 418, 500, 257"
"16";"DANIELY AGOSTINHO OLIVEIRA";"RODRIGO SOUSA OLIVEIRA";"MARIA A O";"F";"03/08/2022";"919"
"17";"FRANCITCO";"FRANCISCO";"MARIA PEREIRA ALBUQUERQUE";"M";"01/05/1979";"955, 189, 138, 384, 923, 484, 972"
"18";"MARIA BARBOSA GUERRA";"WENDER NETO GUERRA";"MARIA BORBOSA COSTV";"F";"30/11/1917";"645, 645, 950, 488, 591, 944"
"19";"LUIZ ALEXANDRE MORAIS";"EMILIANO LIMA MORAIS";"KARINNY ALEXANDRE SERRA";"M";"09/08/1993";"875, 584, 063, 061"
"20";"FRANCISCO COSTA REIS";"FRANCISCO BEZERRA REIS";"MARIA COSTA ARAUJO";"M";"01/07/1995";"443, 744, 530, 857, 091, 907, 677, 661, 926"
"21";"LUIZ JUCILEIDE OLIVEIRA";"LUIS MATHEUS OLIVEIRA";"MARCIA JUCILEIDE IONEIDA";"M";"05/01/2013";"039, 737, 166, 335"
"22";"ANA CASTRO SOUSA";"FRANCISCO PEREIRA SOUSA";"MARIACASTRO SXNTOS";"F";"20/10/2020";"244, 628, 668, 826, 481, 420"
"23";"ADRIANA SOUSA REINALDO";"LUIZ";"MARILAC SOUSA SOUSA";"F";"02/11/2021";"388, 964, 903, 796, 411"
"24";"MARIA SOUSA CARMO";"OSCARPC";"FRANCI SOUSA ARAUJO";"F";"04/08/1949";"670, 346, 056"
"25";"CRISTIANO RODRIGUES FILHO";"CARLOS ALVES FILHO";"MARIA";"M";"01/09/1971";"962, 363, 323, 801, 683, 291"
"26";"RAFAELA SOLEDADE SILVA";"VILSOMAR A S";"MARIA SOLEDADE SONTANA";"M";"02/04/2021";"353"
"27";"PEDRO BATISTA FERREIRA";"JOSE VALMIR FERREIRA";"MARIA BATISTA EDUARDO";"M";"07/02/2022";"816, 336, 662, 998, 859, 006, 777, 273, 532, 312"
"28";"IRENE";"EMANUEL";"MARIA";"F";"02/04/1977";"404, 082, 608, 208, 273, 484, 610, 693, 854, 807"
"29";"KARY R F";"ELIAS BATISTA FILHO";"MARIA RODRIGUES GERACIANA";"M";"07/02/1936";"277, 258, 782, 698, 463, 086, 727"
"30";"ESTEFANIA NEIDE NASCIMENTO";"OSCAR";"CLAUDETE NEIDE FREITAS";"F";"04/03/1992";"700, 882, 430"
"31";"DANIELS G";"FRANCISCO MARCIO GAIA";"MIGUEL SOUSA TEIXEIRA";"M";"05/03/1980";"622, 375, 225, 835, 872, 849, 558, 427"
"32";"MANUEL RITA SANTOS";"EXPEDITO ROCHJSANTOS";"MARIA RITA LOPES";"M";"06/05/2021";"091, 295, 312, 110, 601"
"33";"FRANCISCO GOMES ERNANDES";"CARLOS";"MARIA GOMES TEIXEIRA";"M";"01/11/2006";"714"
"34";"FRANCISCO MARTINS SILVA";"ANTONIO SALES SILVA";"MARILIA AARTINS MIRANDA";"M";"05/05/2002";"337, 082, 291, 763, 174, 921, 920, 188, 232, 734"
"35";"MARIA NEUZA LOPES";"JOSE BRITO LOPES";"MARIA NEUZA CHAGAS";"F";"07/04/1943";"279, 425"
"36";"YASMIN P S";"FRANCISCO OLIVEIRA SILVA";"MARIA PEREIRA FORTE";"F";"01/04/1925";"500, 560, 897, 361, 688, 562"
"37";"NICOLAS NASCIMENTO WELLINGTON";"ELIAS PAULINO WELLINGTON";"ALCIONEIDE N F";"M";"01/08/2002";"226, 774, 297, 100, 204, 642, 748, 603, 407, 684"
"38";"MARIA";"PEDRO";"ROCHELLE PAIVA SILVA";"F";"02/04/1937";"094, 609"
"39";"FRANCISCO MOURA MARTINS";"CARLOS NASCIMENTO MARTINS";"BERENICE MOURA GOMES";"M";"06/03/2020";"765, 506, 843, 016, 434, 512"
"40";"JUCIELDA ALVES FALCAO";"MARCOS S F";"LIDUINA ALVES ALVES";"F";"01/11/1973";"885, 515, 376, 310"
"41";"MARIA SILVA PINTO";"FRANCISCO";"DULCILENE SILVA PAULA";"F";"01/11/2022";"855"
"42";"JOSE ANDRADE SILVA";"MIGUEL C S";"MARIA";"M";"01/05/1987";"535, 166, 295, 634"
"43";"YASMIM PEREIRA ASSIS";"IVAN LIMA ASSIS";"MARIA PEREIRA SILVA";"F";"01/04/1977";"750, 069, 817, 618, 718"
"44";"GLEIDSON";"FRANCISCO";"ANTONIA LOPES SOUZA";"M";"08/05/1954";"617, 814"
"45";"CLAUDIA";"MARDONIO";"MAAYASILVA SIMICO";"F";"05/10/2011";"861, 357"
"46";"JOSE PAULA SILVA";"JOSE";"PATRICIA PAULA NASCIMENTO";"M";"01/03/1998";"665, 557, 049, 982, 406, 536"
"47";"BARBARA BEZERRA SILVA";"MANOEL";"FRANCISCA BEZERRA CONCEICAO";"F";"27/11/2001";"367, 036, 250, 554, 844, 678"
"48";"CAIO NILZA GLEDSON";"JOAO ARGEMIRO GLEDSON";"ELAINE NILZA SANTOS";"M";"02/09/2022";"066, 686, 066, 795, 299, 858"
"49";"ENDERSON";"MANOEL RAMOS LEANDRO";"LUCIANA SANTOS SILVA";"M";"01/07/1991";"510, 471, 658, 105, 114, 255, 488, 108, 571, 597"
"50";"TRONIDES NASCIMENTO LUIZ";"ADALBERTQ";"SONIA";"M";"05/05/1982";"768"
"51";"ANA SILVA BRITO";"PAULO GOMES BRITS";"MARIA SILVA SILVA";"F";"08/03/2022";"770"
"52";"MANOEL MIANA CARMO";"ANTONIO JOSE CARMO";"REGILANE VIANA ALDENIZA";"M";"11/11/1960";"892, 707, 611, 931, 190, 005, 880, 650, 209, 367"
"53";"MARIA SILVA CAVALCANTE";"JOSE MARQUES CAVALCANTE";"VALERIA SILVA SANTOS";"F";"02/07/1990";"221, 419, 826, 996"
"54";"JOSE";"DAMIAO BEZERRA SANTOS";"ELIKA";"M";"01/11/1923";"543, 807, 092, 216"
"55";"REBECA";"CARLOS";"JOANA MACEDO LEONCIO";"F";"03/11/2002";"943, 427, 857"
"56";"LARA SILVA ANGELOS";"JOSE ALMEIDA ANGELOS";"ADALGISA SILVA RIBEIRO";"F";"08/11/1975";"957, 952, 489"
"57";"MARIA JOSE SOUZA";"JOSE RIBIIRO SOUZX";"MARIA JOSE MARIA";"F";"27/10/1926";"781, 466, 224, 852, 241, 287, 616, 643"
"58";"MARIA SOUZA HENRIQUE";"PEDRO";"FRANCISCA";"F";"02/12/2022";"506"
"59";"INA VIEIRA POMPEU";"FRANCISCO";"RAIMUNDA V R";"F";"01/04/1979";"716, 354"
"60";"PRANYISCO LOUREVCO CARML";"JOSE SILVA CARMO";"MARIA LOURENCO FREITAS";"M";"02/05/2014";"895, 676, 630"
"61";"HADZIEJMASCIMENTO ELIVEIRC";"FRANCISCO PAULA OLIVEIRA";"MARIA N M";"M";"21/07/2000";"124, 297, 472, 970, 302, 223"
"62";"FRANCISCA SANTOS LIMA";"ANTONIO SILVA LIMA";"MARIA SANTOS SILVA";"F";"05/02/1937";"765, 328, 468, 174, 149, 246, 680"
"63";"KARLA NASCIMENTO VIANA";"FAGNER S V";"MARIA NASCIMENTO SANTOS";"F";"01/10/2020";"487, 702, 339, 536, 528, 513, 661"
"64";"JOSE ACARAU GOMES";"VALDECI CARLOS GOMES";"TATIANA ACARAU SILVA";"M";"03/06/1968";"966, 580, 351, 050"
"65";"ANTONIO SOUQA CXUZ";"WASHINGTON SANTOS CRUZ";"JOSINA SOUZA MARTINS";"M";"01/09/1997";"631, 829, 476, 401, 430, 521, 375, 031"
"66";"MARIA MACIEL PESSOA";"MANOEL M P";"ANTONIA MACIEL SILVA";"F";"01/02/1958";"137, 987, 381, 728, 898, 926"
"67";"DAMIAO L F";"FRANCISCO SILVA FERREIRA";"HELOINA LYQHARES BARBOSA";"M";"02/12/1981";"441, 747"
"68";"CLARA INES SILVA";"PEDRO OLIVEIRA SILVA";"FRANCISCA INES SILVA";"F";"02/08/1975";"752, 685"
"69";"PAULO NOGUEIRA ARAUJO";"FRANCISCO ANTONIO ARAUJO";"MARIA NOGUEIRA FREITAS";"M";"01/09/2005";"467"
"70";"CLEIDEVANIANASCIMENTO FREITAS";"MANOEL";"MARIA NASCIMENTO SILVA";"F";"01/07/1997";"597, 327, 816, 121"
"71";"RITA SILVA ANDRADE";"PAULO VENANCIO ANDRADE";"OZANGELA SILVA ALICE";"F";"02/04/1998";"339, 563, 600, 999, 309, 049, 192"
"72";"MARILENE S M";"FXINCFSCO";"ANA SOCORRO SILVA";"F";"06/07/2011";"983, 232, 316, 620, 931, 693, 839, 794, 859"
"73";"JESSICA SANTOS PEREIRA";"ANTONIO AQUINO PEREIRA";"LUANA SANTOS FERREIRA";"F";"02/01/1964";"131, 557, 223, 343, 355"
"74";"LORENA SOUZA SIQUEIRAS";"ALEMIR SILVA SIQUEINAS";"MARIA SOUZA CAVALCANTE";"F";"01/05/2002";"695, 815, 267, 749, 039"
"75";"JONATAS NASCIMENTO ALMEIDA";"ALEXANDRE ANTONIO ALMEIDA";"JULIANW NASCIMENTD ELIZABETH";"M";"01/12/2012";"474, 773, 587, 769, 042, 711, 206, 735"
"76";"FRANCISCO LIMA OLIVEIRA";"LUIS";"FSETCZSCALIMA FERRENRA";"M";"02/03/1985";"516, 455, 400, 177"
"77";"ADXILTON CONTKICAZ FILHO";"LELIVALDO COLARES FILHO";"CECILIA CONCEICAO COSTA";"M";"02/07/1952";"341, 911, 798, 342, 980, 564, 870, 426"
"78";"MARIA PAIVA MARCELL";"JOSE BARROMO MARCELL";"RAIMUNDA PAIVA ARAUJO";"F";"09/07/1969";"266, 662, 862, 221, 764, 101, 134, 848"
"79";"IANNY CASTRO NUNES";"JOAO VALDIBERTO NUNES";"VANIA C F";"F";"06/09/1985";"996, 041"
"80";"EMANUEL";"ANTONIO OLIVEIRA GALVAO";"MARIA MOURA PESSOA";"M";"09/05/1999";"053, 358"
"81";"JEFERSON SOUSA NASCIMENTO";"JOAO A N";"ARLINDA SOUSA SANTOS";"M";"05/10/1995";"756"
"82";"PAULO SILVA EDUARDO";"JOSE LIMA EDUARDO";"ANA S A";"M";"02/04/1993";"548, 503, 002, 326, 713, 563, 081, 187, 181, 644"
"83";"ANA D R";"SEBASTIAO SILVA RODRIGUES";"TEREZA D F";"F";"08/05/1973";"299, 881, 210, 149, 189, 895, 803, 991, 920"
"84";"FRANCISCO";"FRANCISCO MARCOS PAIVA";"MARIA SILVA MERCES";"M";"03/07/1983";"954, 639, 286, 182, 227, 871, 314, 539, 875"
"85";"FRANCISCO LIMA CLEMENTE";"RUIMUNAO JUNIOR CTEMENTE";"HELOISA LIMA ALINE";"M";"03/07/2015";"149, 776, 274, 512, 169"
"86";"FRANCISCA";"JOSE";"ROSIANE CONCEICAO COELHO";"F";"02/10/1941";"051, 023, 393, 033, 258, 275, 326, 231, 370"
"87";"CLARA ARAUJO FIUZA";"FRANCYSCO SF";"MARIA";"F";"01/08/1998";"692, 111, 574, 410, 445, 513, 886, 999"
"88";"CLEISON";"EXPEDITO";"FABIANA";"M";"01/03/1905";"277, 022, 798, 814, 744, 262, 595"
"89";"MILENA PEREIRA SANTOS";"CARLOS BRAGA SANTOS";"FERNANADA PEREIRA SOUSA";"F";"01/06/1997";"052, 570, 249, 510, 993, 177, 132, 451, 970, 688"
"90";"FRANCISCO ELINE RODRIGUES";"VIETOE SILVAROARIGPES";"FRANCISCA";"M";"01/04/2022";"193, 727, 304, 045, 913, 242, 414, 846, 687, 045"
"91";"MATEUS S G";"ALEEMIR SOUZA GOMES";"MARIA SANTOS PEREIRA";"M";"03/06/1999";"976, 669, 433, 446, 627, 463, 364"
"92";"MARIA C C";"MARCELO MELO CARLOS";"ANA CONCEICAO SILVA";"F";"02/08/1931";"693, 940, 084, 605, 466"
"93";"JOSE BEZERRA INACIO";"VALMOR SILVA INACIO";"KARINA";"M";"01/07/1985";"313, 757, 050, 876, 281, 461"
"94";"JANAINA ALVES RODRIGUES";"DIOGENES S R";"TEREZA";"F";"02/05/1903";"339, 340, 147"
"95";"ALIKE RODQIGUES CARGAKLO";"JOSE FILHO CARVALHO";"MARIA RODRIGUES FELIPE";"F";"02/07/1993";"672, 941, 100, 255, 026, 612, 586, 558, 821, 618"
"96";"FRANCISCA NASCIMENTO RITA";"ANTOIDO LEZTAK EITR";"MARIA NABCIMENTO MOREWO";"F";"07/07/2001";"622"
"97";"ANTONIO IVONE ROCHA";"VIRGILIO ALVES ROCHA";"FRANCISCA IVONE BEZERRA";"M";"03/05/1950";"501, 423, 911, 894, 263, 386, 958, 637, 365, 873"
"98";"CASSIA NEVES SILVA";"LAURO LUIS SILVA";"SOCORRO";"F";"01/05/1955";"608, 945, 275, 626, 465"
"99";"VANIA D M";"CARLOS LOURENCO MOTA";"MARIA DUARTE SILVA";"F";"09/01/1954";"356"
"100";"NATALIA NOBRE HOLANDA";"FRANCISCO ALVES HOLANDA";"MARIA NXBRE LIMA";"F";"05/08/2012";"839, 607, 213, 339, 668, 206"
"101";"BABJIEL LUCINEINT ALBUQUERQUB";"FRANCISCO SILVA ALBUQUERQUE";"MARIRLANDIA LUCINEIDE SA";"M";"01/08/2004";"216, 359, 949, 052, 668, 344, 046, 793, 864"
"102";"MARIA MARIA PEREIRA";"JJSE P P";"RAIMUNDA MARIA PIRES";"F";"26/11/1990";"645, 068, 692, 279"
"103";"LARISSA SANTOS LIMA";"JOSE SOUSA LIMA";"LEONOR S S";"F";"01/08/2012";"447, 034, 672, 213"
"104";"MARIA SILVA PEREIRA";"MANOEL ALVES PEREIRA";"ELDIA S F";"F";"04/03/1972";"678, 321, 025, 373, 649, 609, 640, 359, 982, 160"
"105";"JORGE TEIXEIRA BOSCO";"JOSE SILVA BOSCO";"MARIA T A";"M";"01/11/1902";"269, 232, 064, 551, 860, 781, 381, 834, 485"
"106";"ANTONIA LIDUINA EMIDIO";"PEDRO XIMENES EMIDIO";"FRANCISCA LIDUINA BRAGA";"F";"01/11/1976";"216, 664, 165, 970, 992, 867, 044, 608"
"107";"FRANCISCA";"JOAO SEVERINO INOCENCIO";"LIDIANA ARAGAO J";"F";"07/03/1960";"173, 921, 575, 939, 449, 846, 511, 651"
"108";"MARCOS CALVALCATE AQSINO";"EDGAR CAVALCANTE AYUINO";"MARIA";"M";"07/12/1995";"609, 772, 582, 002, 126, 134"
"109";"FRANCISCA MATIAS LIMA";"FRANCISCO COSTA LIMA";"CARLA";"F";"01/04/2002";"488"
"110";"YARLEI SOUZA OLIVEIRA";"FRANCISCO FEROIIRAOLIVEIRU";"RITA";"M";"01/12/1975";"538, 044, 488, 814, 516, 024, 062, 980, 279, 778"
"111";"ANA S S";"RAIMYNDO S S";"ANA SILVA LIMA";"M";"02/04/1985";"405, 693, 344, 779, 818, 589, 254, 599, 208"
"112";"STELIO SOUSA ELIELDO";"LUIS SANTOS MLIELDO";"MARTA S S";"M";"06/07/1972";"345, 759, 790"
"113";"MATHESJ SILVA BEVERRA";"CICERO SOUSA BEZERRA";"MARGARIDA S F";"M";"01/03/1934";"495, 137, 473, 545, 798, 301, 168, 625, 245, 347"
"114";"VALDENIA";"RAIMUKDO CLEITON SANTOS";"MARIA MARIA SILVA";"F";"02/07/2012";"613, 860, 010"
"115";"FRFNCIFKO SOLOSANICEPO";"WELLINGTON";"MARIA SOLON MARY";"M";"02/06/1965";"477, 039, 251, 605, 263, 369, 646, 445, 133"
"116";"ANGELIS LOURDES AMORA";"AMAURI J A";"MARIA LOURDES GOMES";"F";"07/08/1967";"332, 312, 153, 105, 012"
"117";"SUYANE P S";"SAURIO SILVA SOUZA";"RITA PEREIRA NASCIMENTO";"F";"21/10/1958";"144, 877, 220, 652, 711, 293, 981, 790, 328"
"118";"YASMIN COSTA LIMA";"HERMENEGILDO L L";"FELICIA C K";"F";"02/03/1990";"632, 540, 152, 292, 623, 306, 117, 861, 175"
"119";"RAYANE S N";"VANDUI SILVESTRE NASCIMENTO";"MARIA SATURNINO LOPES";"F";"23/10/1921";"400"
"120";"ANA BARROS SILVA";"ANTONIO OLIVEIRA SILVA";"MARIA BARROS MOREIRA";"F";"02/05/1995";"785, 763, 429, 573, 052, 953, 171, 552"
"121";"FRANCISLA";"OTBVEK ALVPS FREIEAD";"FRANCILENE LUCINEIDE NASCIMENTO";"F";"01/03/1962";"885, 068"
"122";"FRANCRJCA SANYOS IVAN";"JOAO";"MARIA SANTOS VERISSIMO";"F";"02/05/2010";"502, 374, 804, 436, 604, 688, 684, 395, 031, 513"
"123";"LETICIA S S";"JOSE AMARO SANTOS";"FRANCISCA SOARES SOUSA";"F";"29/08/2020";"650, 045, 501, 424, 410"
"124";"RAIMUNDO IRACI MACHADO";"RAIMUNDO S M";"HELOISA IRACI SOUSA";"M";"02/11/1945";"043, 262, 913, 586, 963, 041"
"125";"ADEZIR GLCANTARA FERWEQRA";"MARIA S F";"RAIMUNDA ALCANTARA SOARES";"M";"02/03/2013";"623, 299"
"126";"FRANCZZCO ZEFERINB RABERO";"FRANCISCO SILVA RABELO";"NELMA ZEFERINO CONCEICAO";"M";"01/09/2013";"124, 579, 294"
"127";"MAGDA O S";"PAULO";"MARIA OLIVEIRA LOURDES";"F";"02/09/1979";"838, 224, 113, 735, 015, 694, 791, 921, 621"
"128";"JOSE SILVA FILHO";"MANOEL";"MARIA SILVA FRANCA";"M";"02/02/1974";"590, 512, 240, 289, 560, 032, 186, 020, 241"
"129";"VALDEMIR PIEDADE BARBOSA";"JOSE MONTEIRO BARBOSA";"MARIA PIEDADE VASCONCELOS";"M";"01/11/1959";"642, 157, 192, 899"
"130";"WESLLEY S L";"RAIMUNDO N P";"MARIA";"M";"03/04/1998";"703, 526, 912, 095, 290, 144, 317, 376"
"131";"MARIA LUIZA MARIANO";"FVANCISCO FEREIRA QPRIANO";"OZENIR LUIZA SILVA";"F";"02/12/1918";"840, 671, 688"
"132";"FRANCISCO LIMA MENEZES";"FRANCISCO MONTEIRO MENEZES";"AURENIR";"M";"09/01/2008";"483, 316, 025"
"133";"DAIANY ARAUJO WILKE";"FWANDISCO RODVIDUJS WILKE";"DANIELE ARAUJO SENA";"F";"12/11/2020";"472, 159"
"134";"OICZA BAITO SILVA";"JOSE ELIAS SILVA";"GUIOMAR BRITO SILVA";"F";"01/11/1991";"433, 857"
"135";"DANIELE SILVA SERGIO";"RANIEL OLIVEIRA SERGIO";"LOWUINA SILVA VONCEICEO";"F";"02/03/1904";"337, 797, 782, 517, 510, 858, 937, 409, 985, 866"
"136";"MARIA ARAUJO TARGINO";"ANTONIO PESSOA TARGINO";"MARIA ARAUJO SOUSA";"F";"06/05/1971";"770"
"137";"TALITA";"REGIS SOUSA SOUSA";"MARIA MOTA PEREIRA";"F";"02/06/2022";"484, 062, 311, 674, 070, 659, 517, 422, 028"
"138";"ANA CASSIMIRO SILVT";"ANTONIO SOARES SILVA";"CELIA";"F";"01/06/2012";"377, 651, 218"
"139";"ANNA CONCEICAO RODRIGUES";"FRANCISCO S R";"EDWIGES CONCEICAO FERREIRA";"F";"01/11/2001";"973, 532, 189"
"140";"FRANCISCO";"FRANCISCO B S";"MARIA";"M";"01/06/2011";"768, 251, 877, 702, 202, 232, 686, 220"
"141";"JARDEL GORRETE SILVA";"ROGERIO";"LUCIANA GORRETE SILV";"M";"05/05/2013";"713, 807, 313"
"142";"CLAUDIO H S";"JOAO PEREIRA SILVA";"MARIA HOLANDA PEREIRA";"M";"13/11/1957";"703, 627, 887, 402, 204, 901"
"143";"AMANDA H A";"EXIEZITO QHEIRUZ ALVES";"FRANCISCA HELENA FELIX";"F";"31/03/2022";"009, 951, 600, 564"
"144";"ANTQNIO MARREITO ALBUQUEYTUE";"ITALO NASCIMENTO ALBUQUERQUE";"MARINALVA MARREIRO AZEVEDO";"M";"01/12/2020";"672, 648, 089, 300, 929"
"145";"MONIQUELE BESERRA RODRIGUES";"CARLOS SILVA RODRIGUES";"FRZNXISCABTSEHRA COSTA";"F";"01/03/2005";"773"
"146";"MANOEL";"ANTONWO VAHKONCEXOFFILHO";"MARIA NASCIMENTO PASSOS";"M";"09/04/1939";"232, 771, 519, 156, 073, 063"
"147";"FRANCISCA SILVA CORREIA";"ANTONIO";"NAZARE SIUVA CAROLINA";"F";"05/08/1964";"514, 541, 382, 491, 895, 349, 247, 953, 460"
"148";"CLAUDIA M N";"LOUKIVAL SOUSA NASCIMENTO";"MA M L";"F";"03/05/1943";"423, 673, 037, 067"
"149";"KAIO ABREU FERREIRA";"AMARILDO BARBOSA FERREIRA";"MARIA ABREU HELENA";"M";"02/05/2013";"759, 336, 108, 404"
"150";"CAUA CLAUDIANA ANASTACIO";"IRANCISCO SANTIUGO ANASTACII";"JACQUELINE";"M";"02/03/1979";"082, 645, 529, 500, 554, 528, 046, 014, 448"
"151";"EMILENE PINTO ANDRADE";"DAMIAO REGIS ANDRADE";"MARIA PINTO SILVA";"F";"01/06/1994";"975, 800, 508"
"152";"MARIA L G";"RAIMUNDO M G";"MARIA LIMA ROCHA";"F";"02/04/1999";"379, 386"
"153";"ERLANIA SANTOS LIMA";"JOSE SILVANI LIMA";"ANA SANTOS ROCHA";"F";"03/06/2000";"529, 088, 844, 772, 223, 654"
"154";"PABLO";"FJANCISCOZILVACSVUDIO";"MARIA ANTONIA SILVA";"M";"07/04/1937";"139, 794, 085, 492, 193"
"155";"MARIA SOSUA ARAUJO";"JOSE R A";"FRANCISCA SOSUA ADERI";"F";"01/02/2022";"999, 541, 633, 887, 138, 839, 533, 089, 705, 629"
"156";"MARIA LIMA BELARMINIO";"ERNESTO";"JOSEFA LIMA OLIVEIRA";"F";"01/11/2001";"990, 724, 457, 639, 206, 712"
"157";"TFISNAHCIMENTO LGPES";"GEREMIAS S L";"FRAJCUSCA MASCIMELTO SOUVA";"F";"02/03/1940";"470, 243, 717"
"158";"EDUARDO P U";"FRANCISCO MENEZES UCHOA";"FABIANA PAZ SANTOS";"M";"05/06/1984";"662, 337"
"159";"GILSON LINA HOLANDA";"MANOEL SOUSA HOLANDA";"MARIA LINA ALVES";"M";"30/11/2002";"640, 014"
"160";"JOSE MARIA VALENTE";"JOSE SILVA VALENTE";"MARIA MARIA SANTOS";"M";"03/04/2000";"373, 445, 616, 161, 080"
"161";"MARIA ALVES COSTA";"SEBASTIAO LIMA COSTA";"JOVDTA A A";"F";"01/11/1965";"881, 616"
"162";"LAURITA CASTRO LIMA";"FRANCISCO NASCIMENTO LIMA";"DIANA CASTRO LOURDES";"F";"03/03/2002";"804, 505, 596, 450, 646"
"163";"KETELLY COSTA VIANA";"DIOMEDES FERREIRA VIANA";"MARIA";"F";"01/12/2022";"352, 320, 968, 085, 949, 944, 954, 052"
"164";"MANOEL S F";"RAIMUNDO CAVALCANTE FREITAS";"MARIA SOUSZSOUSA";"M";"06/05/1956";"162, 477, 438, 251"
"165";"MARIA NASCIMENTK SILVA";"ADWWSIO ALCEQDF SSLVA";"MARIA NASCIMENTO NASCIMENTO";"F";"09/05/1937";"102, 508, 065, 232, 392, 258, 625"
"166";"MARDA V X";"EDILSON GONCALVES SANTOS";"MARIW SANYOS LIMA";"F";"06/04/2022";"229, 506, 744, 570, 351, 130"
"167";"FRANCISCA D E";"LUIS LINO ESUIRLTO";"MARIA DUARTE RODRIGUES";"F";"04/05/1905";"601, 175, 066, 746, 322"
"168";"MARIA";"CARLOS FE FERNANDO";"MARIFCARDOSOCRUZ";"F";"02/06/1984";"466, 119, 635, 818, 472, 113, 309, 172"
"169";"ALICE MORAIS MATOS";"JOS SOUSA MATOS";"ADRIANA MORAIS SILVA";"F";"02/10/1970";"701, 418, 041, 322"
"170";"MPRIA LIDUILADIAS";"ANATALICIO PEREIRA DIAS";"MARIA LIDUINA SENA";"F";"01/08/1995";"371, 336, 748, 640, 413, 652, 059, 843, 214, 600"
"171";"MARIA ARAUJO GREGORIO";"FRANCISCO A G";"FRANCISCA ARAUJO COSTA";"F";"29/11/1974";"158, 373, 806, 218, 535"
"172";"MARIA L A";"RAIMUNDO T A";"POLYANNA L D";"F";"07/06/2022";"781, 879"
"173";"MARIA SILVA BARBOSA";"FRANCISCO AQUINO BARBOSA";"IOLANDA SILVA LIMA";"F";"01/12/1995";"482, 586, 357, 989, 317, 008, 363"
"174";"DHULYA ANTONIA XAVIER";"JOSE DOGAYIANO XAVPER";"ANA ANTONIA SILVA";"F";"02/12/2006";"521, 713, 446, 599, 123"
"175";"LUCY SOCORRO ASSIS";"ALDENOR MARTINS ASSIS";"ANTONIA S A";"F";"01/05/2022";"418, 460, 629, 300, 414, 330, 987"
"176";"RUBENS PAIVA GOMES";"FLAVIO ELISMAR GOMES";"FRANCISCA P S";"M";"17/10/2012";"112, 345, 736, 496, 291, 109, 015, 083, 886"
"177";"ELANIA";"FRANCISCO";"MARIA SOARES RODRIGUES";"F";"02/04/2001";"862, 848, 592, 010, 721, 755, 410, 154, 056, 961"
"178";"FRANCISCO ANDRADE LOPES";"ALBERTO BRAGA LOPES";"MARIA A C";"F";"04/03/2003";"710, 855"
"179";"RAWMUNDA NISCIMENTO MELO";"FRANCISCO";"JOCELINA NASCIMENTO LOPES";"F";"01/06/2022";"539, 586, 261, 241, 748, 867, 434, 726, 957, 923"
"180";"JOANA MOTA DUARTE";"GERALDO P D";"RAIMUNDA M R";"F";"02/07/1966";"335, 400"
"181";"MARBA";"CARLOSS J";"CLEUMA LUZ BARBOSA";"F";"02/04/1990";"198, 535, 920, 679, 079, 153, 732, 142"
"182";"NILCELIA VALENTIM SOUSA";"RAIMUNDO PEREIRA SOUSA";"FRANCINALDA VALENTIM ALBUQUERQUE";"F";"02/05/2003";"446, 082, 446, 183, 826"
"183";"MARIA NASCIMENTO ARAUJO";"ALDAIR SILVA ARAUJO";"MARIA N J";"F";"10/11/2010";"571, 349"
"184";"FRANCISCO CONCEICAO PINHO";"GERALDO SILVA PINHO";"MARIA";"M";"02/08/1971";"216, 228, 401, 104"
"185";"JOSENILDO SILVA MARINHO";"JOAO VALE MARINHO";"MARIA SILVA COSTA";"M";"01/06/2022";"796, 744, 255, 560, 621, 647, 911, 818"
"186";"ZULMIRA MIRANDA NETO";"MANUEL LIMA NETO";"MARINEIDE MIRANDA CABRAL";"F";"18/05/1999";"188, 602, 133, 343, 609, 156, 196, 923, 161, 154"
"187";"JUCIENE OLIVEIRA HONORIO";"FRANCDSCO MEDRSIO HONORIO";"PALOMA OLIVEIRA PIMENTA";"F";"08/01/1977";"761, 915, 266, 839, 566, 888, 931, 624"
"188";"ANTONIA CHAGAS SILVA";"VALDIR RODPIYUES SILVA";"MARIA CHAGAS GONCALVES";"F";"04/09/2019";"534, 819, 364, 909, 589, 329, 256, 326"
"189";"LEONARDO";"MARCIO";"CRISTINA SOUSA SILVA";"M";"04/06/1999";"737, 917, 718"
"190";"NADYLLA RODRIGUES FERREIRA";"BERGSON OLIVEIRA FERREIRA";"LIA R I";"F";"04/05/1942";"816, 778, 351"
"191";"SAMUEL MELO SOUSA";"FRANCISCO EDUARDO SOUSA";"MARIA MELO SILVA";"M";"07/01/1992";"537"
"192";"CARLOR NORONKA RERREIRA";"JOSE SILVA FERREIRA";"LUANA NORONHA MARIA";"M";"05/04/2011";"122, 796"
"193";"MARIA E B";"ANTONIO SILVA BARROS";"FRANCISCO";"F";"03/02/2006";"864, 536, 655, 557, 806, 067, 334, 507, 752"
"194";"ADEYSON V S";"MANOEL MOREIRA SANTOS";"MARIA VASCONCELOS FATIMA";"M";"02/03/2022";"978"
"195";"MARIA SALETE SOUSQ";"FRANCISCO SILVA SOUSA";"ELOISA SALETE ANJOS";"F";"01/06/1998";"226, 811, 413, 002, 807, 934, 570, 801, 653"
"196";"ANDRESSA CARVALHO ANACLETO";"JOSE LIMA ANACLETO";"RITA CARVALHO RODRIGUES";"F";"07/07/2002";"490, 908, 317, 064, 149"
"197";"OATEUS L L";"GRANCISCO B L";"ANA S G";"M";"02/07/1986";"340, 007, 884"
"198";"JOSAE";"FRANCISCO CARLOS ALMEIDA";"MARIA G S";"M";"01/12/1939";"807, 209, 565, 234, 484, 235, 190, 795, 309, 572"
"199";"JOAO SOUSA TEIXEIRA";"FRANCISCA";"DANIELLE SOUSA GOMES";"M";"02/12/2022";"341, 963, 471, 040, 558"
"200";"DIVA MARIA GOMES";"ANTOAIO R G";"ANTONIA MARIA SOCORRO";"F";"31/10/2022";"208, 114, 307, 439, 022, 802, 535, 998, 199"
"201";"MANOEL SAMPAIO FIGUEIREDO";"RAIMUNDO ALENCAR FIGUEIREDO";"MARIA SAMPAIO SILVA";"M";"01/07/2022";"084, 578, 672, 376"
"202";"FRANCISCALOPES CEREIRA";"JOSE MEIRY PEREIRA";"IVONE LOPES DIAS";"F";"07/03/1995";"183"
"203";"GABRIELLE";"EZEAUIELA M";"MARIA KOURA SABINO";"F";"02/12/2002";"315, 885"
"204";"ANTONIO";"JAIR ASSIS LUIS";"OLIVEA";"M";"05/04/2013";"702"
"205";"UAIMUNDO";"ANDRE MOTASAMPAIO";"MARIA DIAS OLIVEIRA";"M";"07/09/1943";"162, 886"
"206";"ZEQLDA";"WELLIGTON";"CELINA SOUZA MARTA";"F";"02/05/1939";"243, 874, 557, 769, 002, 229, 261, 603, 837, 843"
"207";"ANNA";"JOSE F G";"FRANCISCAISABEL SGLWA";"F";"08/04/1950";"594, 092, 396, 373, 789"
"208";"ANTONIO SOUSA SILVA";"FRANCISCO";"AUREA S S";"M";"20/10/2022";"900, 980, 757, 219, 419, 359, 865, 667"
"209";"MELDER SANAAS GAMA";"FRKNCISEL CLAUDIOGAMA";"MARIA SANTOS OLIVEIRA";"M";"08/05/2022";"098, 406, 807, 209, 517, 783, 367, 546"
"210";"FRANCISCO LUCIA ALVES";"DANIEL FILHO ALVES";"ANTONIA LUCIA PEREIRA";"M";"30/11/1984";"168, 821, 787, 958, 571"
"211";"FRANCISCA SILVA SANTOS";"RAIMUNDO SOUZA SANTOS";"LIDUINA SILVA PEREIRA";"F";"02/09/1986";"035, 369, 697, 809, 948, 096"
"212";"NATANAEL SILVA SOARES";"JOSE M S";"MARIA SILVA RIIEIRO";"M";"04/04/2022";"274, 443"
"213";"ANTONIA SANTOS SILVA";"REGINALDO S S";"IVONI SANTOS NOBRE";"F";"01/07/1974";"455, 340, 091, 581"
"214";"EDSON SILVA VIEIRA";"VICENTE LIMA VIEIRA";"MARIA";"M";"08/09/1958";"599, 668, 419, 243, 471, 386, 897"
"215";"RAIMUNDA SILVA BASTOS";"JOAQUIM SANTOS BASTOS";"FIRMIUA S I";"F";"01/04/2012";"411"
"216";"FRANCFSCA MZRAES RYCHA";"FRANCINE ALVES ROCHA";"MARIA MORAES SILVA";"F";"02/05/2014";"319, 691, 691, 501"
"217";"HELENG SOUSA SJYICO";"HERACLIDES FURTADO SAMICO";"DANIELLE S R";"F";"01/05/1908";"470, 887"
"218";"ARTHOR GENE GMIMARLES";"ZELDACI N G";"ANA";"M";"09/06/1992";"504, 163, 342"
"219";"ELIAS OLIVEIRA SILVA";"RAIMUNDO BATISTA SILVA";"ELIANIA OLIVEIRA CHAGAS";"M";"02/12/1986";"357, 271, 382, 756, 456"
"220";"DANIELE OLIVEIRA LIMA";"EDILSON COSTA LIMA";"SRIRLLEY OLIVEIWA KBVRS";"F";"02/12/1947";"892"
"221";"VALDIR";"FRANCISCO SILVA CRUZ";"LIDUINA FIRMO PEREIRA";"M";"03/03/2022";"917, 707, 378, 888, 751, 485"
"222";"CRISTINA";"FRANCISCR ALVES BEZERRA";"CLENILMA";"F";"04/08/2012";"483, 956"
"223";"ESPEDITO BRITO RODRIGUES";"LUIZ";"MARIA BRITO FIDELIS";"M";"02/06/1967";"786"
"224";"ADRIANO NASCIMENTO OLIVEIRA";"ANTONIO QUEIROZ OLIVEIRA";"MARIA NASCIMENTO PONTES";"M";"01/05/1980";"834, 205, 160, 724, 945, 447, 593, 792, 498"
"225";"IRAIDE SANTOS SOBRINHO";"FRANCCSCO ALFEUDA SOQRINHO";"VERONICA SANTOS FREIRES";"F";"02/06/2009";"899, 265, 325, 290"
"226";"SANDRA ROMAO SANTIAGO";"FRANCISCO FRANCISCO SANTIAGO";"ROSELIA ROMAO RIBEIRO";"F";"01/03/1972";"609, 786, 704, 057, 350, 762, 077, 799, 793, 240"
"227";"TATIANA V S";"ANDRE BARBOSA UILVA";"MARIA";"F";"01/12/1928";"492, 779, 383, 612, 310, 385, 874, 312, 956, 619"
"228";"FRANCISCO SANTOS SOUSA";"MANUEL MOREIRA SOUSA";"ANA S F";"M";"01/07/1963";"133, 997, 866, 085, 221, 706, 131"
"229";"FRANCISCO ALVES BATALHA";"JUAREZ";"ANA";"M";"01/05/2014";"616, 695, 189, 533"
"230";"FCANCISCO SOUSA SILVA";"FRANCISCO";"JULIANA SOUSA MARIA";"M";"01/03/1989";"788, 510, 768, 449, 614, 975, 601"
"231";"FRANCISCO L S";"JOSE SILVA SILVA";"GRACILENE LOURDES NEVES";"M";"03/08/1962";"342, 402, 605, 688, 004, 754, 160, 178"
"232";"EARIA NUNES PERGYNTINH";"ANTONIO SANTOS PERGENTINO";"JOSEFA NUNES VENANCIO";"F";"02/05/1973";"544, 052"
"233";"FERNANDOODETE ROBERTO";"ANTONIO FPRREIRA ROBVRTO";"FRANCISCA ODETE CAPISTRANO";"M";"02/04/2022";"077, 263"
"234";"RENATO";"UNRMIVAL NONATH SOUSA";"MARIA CARVALHO PEREIRA";"M";"12/11/1955";"229, 767, 229"
"235";"ZANDALBERMO A M";"BRASILIO SANTOS MATOS";"FRANCISCA";"M";"06/07/1934";"085, 632, 163, 251"
"236";"CARLOS E M";"FRANCISCOG M";"ANFRUA ENEYTA JDORICO";"M";"27/10/2022";"829, 510, 062"
"237";"JUDITE";"ANTONIO BATISTA SOBSA";"MARIA NASCIMENTO QUEIROZ";"F";"12/11/2022";"150, 819, 465, 941, 447, 663, 245, 912"
"238";"GARIA LF";"MARCUS ADERINO FEREIRA";"HELENA LOBAO SENA";"F";"01/12/2011";"080, 928, 369, 284, 921, 075, 256, 253, 521"
"239";"CAMILA COSTA BATISTA";"JOSE FERREIRA BATISTA";"MARIA";"F";"01/06/2017";"480"
"240";"EUGENIA F S";"WASHINGTON PEREIRA SOUSA";"MARIA FRANCINEUDA SILXA";"F";"02/07/1935";"559, 826, 609, 313, 868, 436, 493, 927, 109, 364"
"241";"SILVANIA ODETE PEREIRA";"FRANCISCO SERGIO PEREIRA";"FRANCISCA ODETE SOUSA";"F";"01/05/1996";"186, 353, 817"
"242";"CLEITON GONCALVES SILVA";"FRANCISCO MUNIZ SILVA";"MARLUCIA GONCALVES FERREIRA";"M";"02/09/1994";"191, 009"
"243";"CAUA OLIVEIRA LUIZ";"JOSE COSTA LUIZ";"EDNA";"M";"01/09/2011";"341, 478, 850, 609, 217"
"244";"NICOLAS NEVES RODRIGUES";"JOSE SILVA RODRIGUES";"GENEIIX";"M";"01/08/1988";"724, 301, 260, 302, 540, 368, 047, 383, 752"
"245";"ANA S P";"JOSE ASSIS PEREIRA";"FRANCISCA S R";"F";"19/10/2002";"774, 207, 289"
"246";"VANIA V C";"JOSE TENORIO COSTA";"MARIA VIEIRA RAIMUNDA";"F";"30/10/1971";"885, 799"
"247";"MARCUS SILVA MOREIRA";"HOSANA BATISTA MOREIRA";"ANTONIA S C";"M";"14/10/2022";"364, 907, 102, 580, 035, 408"
"248";"ANTONIO BERNARDO BATISTA";"ANTONIO CUNHA BATISTA";"IVANIR";"M";"03/08/1963";"603, 768, 492, 123, 529, 252, 662"
"249";"JOSIVANE NUNES SILVA";"SALVIANO CAETANO SILVA";"MARJA NUNES SIZVA";"M";"01/09/2022";"080, 924, 386, 013, 677, 902, 594, 558"
"250";"JOSE SOUSA RODRIGUES";"MIGUEL SILVA RODRIGUES";"FRAOCIICA SOHSA SILVA";"M";"06/02/1962";"215, 530, 068"
"251";"ADRIANA V C";"FERNANDO FERREIRA CANDIDO";"FRANCISCA VASCODCRLOS LPVRDES";"F";"04/10/1945";"567, 321"
"252";"RITHIELE SILVA CHAGAS";"CARLOS OLIVEIRA CHAGAS";"FRANCISCA";"F";"01/01/1972";"647, 966, 854"
"253";"BRUNU S P";"VALDIR PAULA SILVA";"ANDREA S C";"M";"30/11/2021";"070, 558, 635, 234, 509, 589"
"254";"FRANCISCO FORTE JOSE";"ELUIS MENDES JOSE";"MARIA FORTE RIBEIRO";"M";"06/05/1997";"401, 378, 544, 008, 619"
"255";"FRANCISCO";"FRANCISCO F N";"GILVANA SANTOS LEMOS";"M";"03/10/2011";"954, 847, 065, 424, 128, 230, 816, 710, 150"
"256";"CAIRO LIMA OLIVEIRA";"FRANCISCO ASSIS OLIVEIRA";"IXPEDITA L S";"M";"05/10/2014";"239, 325, 443, 731, 573, 859, 091, 679, 268, 526"
"257";"BRENO LIMA FREITAS";"CICERO PAULA FREITAS";"MARIA LIMA OLIVEIRA";"M";"02/07/1950";"101"
"258";"FRANCISCA LUIZA FERREIRA";"ANTONIO BARBOSA FERREIRA";"WDNMA LUIZA SANTOS";"F";"31/10/2021";"189"
"259";"VTQDO SILVA OLIOBGRA";"ANTONIO";"BARBARA SILVA CARMO";"M";"13/11/1953";"599, 802, 857"
"260";"ROSANA CARVALHO SILVA";"YOPEFITZ SILVP SILVA";"MARIA CARVALHO RODRIGUES";"F";"01/09/1976";"236"
"261";"CRISTIANO";"ANTONIO SILVA SILVA";"SIRLENE ADELITE SILVA";"M";"02/04/1997";"384, 420"
"262";"EMILY LIMA CAMELO";"FRANCISCO ALVES CAMELO";"MARIA L S";"F";"23/11/2007";"360, 013"
"263";"CLAYTGN D O";"PEDRO AGOSTINHO OLIVEIRA";"SANDRA DUCILINA COSTA";"M";"02/08/1954";"906, 750, 429, 581, 887, 532, 465"
"264";"JOSE AIRES SILVA";"JOAO WILLAME SILVA";"MARIA A M";"M";"07/07/1972";"379, 074, 560, 019, 021, 181"
"265";"CICERA SOARES ALVES";"JOSE ALVES ALVES";"FRANCISCA SOARES MOURAO";"F";"02/08/1999";"497, 870, 548, 852, 549, 082, 715"
"266";"MAGNO AGUIAR NASCIMENTO";"FRANCISCO A N";"MARIA AGUIAR RODRIGUES";"M";"01/12/1962";"203, 575, 336, 399, 789"
"267";"JAMES SILVA COSTA";"FRANCISCO FERREIRA COSTA";"RUTE SILVA RODRIGUES";"M";"01/06/2020";"238, 472, 329, 659, 946, 605, 910"
"268";"ANTONIO JACINTA FAUSTINO";"JOZIMAR L F";"JUANICE JACINTA MACENA";"M";"05/08/2012";"450, 489, 719, 655, 451, 743, 775, 303, 182, 211"
"269";"ROSINEIDE";"ELISEU SILVA LISBOA";"ANA SANTOS LIPES";"F";"01/05/2021";"457, 445, 293, 922, 998, 599"
"270";"KEZIA TAVEIRA HONORATO";"RAIMUNDO LIMA HONORATO";"MARINALVA TAVEIRA ANDRADE";"F";"02/01/1987";"466"
"271";"MARIA BARVOS NASCIVELTO";"MANOEL";"QNTONIA BARROS BXRBOSA";"F";"07/10/1995";"475"
"272";"KAYIA AESUA COMTA";"FRANCISCO MORAES COSTA";"ANGELICA";"F";"01/04/2022";"617"
"273";"CFISTIANE O N";"FRANCISCO L N";"UDAIRA OLIVEIRA ZENEIDA";"F";"03/02/1971";"818, 947, 321, 883, 635, 418, 540"
"274";"FRANCISCO SOUZA ALEXANDRE";"JOSE";"MARIA";"M";"27/10/1958";"508, 351, 244, 737, 142, 107, 079, 400"
"275";"ANTONIO DANTAS SANTOS";"MARIO BATISTA SANTOS";"MARIA";"M";"03/07/1963";"283, 160, 512, 753, 866"
"276";"ANTONIO PEREIRA BARBOSA";"ANTONIO GONZAGA BARBOSA";"VIVIANE PP";"M";"03/07/2011";"901, 267, 185, 047, 738, 700"
"277";"MARIA SILVA JUNIOR";"GERARDU TEIXEIRAJUQIJT";"ZULMIRA SILVA OLIVEIRA";"F";"01/04/1910";"496, 765, 133, 496"
"278";"NATIEALE VIEIRA SANTOS";"FRANCISCO IVAN SANTOS";"IVANIR VIEIRA LIDUINA";"F";"01/10/2003";"029, 141, 695"
"279";"LUANA SANTOS NETO";"JOSIAS GOMES NETO";"RITA SANTOS MEDEIROS";"F";"02/06/1974";"430, 570, 291, 787, 986"
"280";"REGILENE RODRIGUES MARIA";"ISAIAS NONATO MARIA";"MARIA RODRIGUES MARTINS";"F";"04/05/2021";"509"
"281";"ROSILANDIA";"NAZARENO";"GERTRUDES PRAZERES SILVA";"F";"01/03/1941";"893, 129, 479, 859, 755, 174, 968, 662, 409, 931"
"282";"GUILSON SILVA SALUSTIANO";"CLAUDENIZIO MACIEL SALUSTIANO";"RAYMUNDA SILVA LIMA";"M";"01/04/1971";"682, 655, 663, 355"
"283";"ADALGISA";"SALOMFO SILVA MIGFEG";"MARIA PAULA MEDEIROS";"F";"06/09/1973";"810, 339, 557, 697"
"284";"HFLDEMAR";"CARLOS RODRIGUES CHARLES";"VIRLANE SILVA SOARES";"M";"07/03/2020";"290, 597, 270, 400, 412, 606"
"285";"SEBASTIAO JOSE FACANHA";"JOSE BARROSO FACANHA";"LUCIMAR JOSE MARIA";"M";"08/07/1988";"585, 738, 776, 508, 369, 927, 051, 635"
"286";"MARIA MARIA SOUSA";"JOSE TAVARES SOUGA";"GERMANA MARIA JANSEN";"F";"01/01/1953";"739, 494, 159, 815, 766, 321, 811, 075, 325"
"287";"PABLO MARIA FILHO";"FRANCISCO CARLOS FILHO";"MARTA MARIA NASCIMENTO";"M";"09/07/1970";"820, 363"
"288";"ANDREZA S O";"ALUISIO DAMASCENO OLIVEIRA";"MARIA SILVA UUNICE";"F";"02/12/2012";"048, 583, 015, 309"
"289";"ABRAAO FREITAS GONCALVES";"FRANCIGCOF G";"MARIA";"M";"01/11/2001";"903, 613, 742, 239, 641, 863, 448, 114"
"290";"JOSEFA LIMA COSTA";"JOSE B C";"FRANCISCA L C";"F";"27/11/2022";"983, 961, 776, 792, 266, 783"
"291";"RAIMUNDO ALEBANDNINO CARVALHO";"FRANCISCO EVILASIO CARVALHO";"RITA ALEXANDRINO LIMA";"M";"08/06/1908";"577"
"292";"TARCISIO";"MARIO SALES SILVA";"EDA BARROS ARAUJO";"M";"07/03/1919";"180, 804, 539, 343, 754"
"293";"EMMILY ROCHA SILVA";"FRANCISCO DUARTE SILVA";"ANA ROCHA RIBEIRO";"F";"03/03/2022";"645, 743"
"294";"IKGRID JOSE SILQA";"SOTERO LUIZ SILVA";"MARIA JOSE NASCIMVNTO";"F";"02/04/2021";"368, 828, 028, 996, 586"
"295";"MARIA";"FRANCISCO PINHEIRO FREITAS";"TEREZA SOUSA ELIEVE";"F";"28/07/1967";"158, 008, 621, 657"